Candidate;Description;BlockTime;retweet_favorite_count;RunningFor
Henrique Meirelles;@jovidemiranda João, qual o nome da sua avó? Queremos mandar um agradecimento especial pra ela aqui! 💪1⃣5⃣  #VoteMeirelles15 #EquipeHM;2018/10/02 19:33:13;;123
Manuela;@DonSergiones Obrigada pelo apoio. #equipe https://t.co/ik18f0tThP;2018/09/14 00:25:11;;123
NOVO 30;@_hercules_k @ASCampos_77 @joaoamoedonovo @pauloganime3030 @mtrindadenovo Não tem candidato a senador do NOVO no Rio de Janeiro.;2018/09/12 03:12:45;;123
Manuela;Uma semana para o Brasil ser feliz de novo! #HaddadPresidente #ManuNoJaburu https://t.co/VboNILrcti;2018/09/30 10:00:01;;123
PT Brasil;Foram 18 universidades criadas pelo Lula e pelo PT, ampliando o acesso à educação no Brasil. #HaddadÉLulaNaTV https://t.co/ti5kZJf2Sa;2018/09/21 05:05:03;;123
Henrique Meirelles;@Walther_Obeto A #EquipeHM pede desculpas Walther! Outras oportunidades virão. Enquanto isso, compartilhe o conteúdo e chame os amigos para saberem mais sobre Meirelles! Vamos para cima! #ChamaOMeirelles15 #EquipeHM #VoteMeirelles15;2018/09/19 18:48:12;;123
Alvaro Dias;"✅ Desburocratizar o Brasil
✅ Isenção de Imposto de Renda para quem ganha até R$ 5.000,00

Abre o 👁 Brasil 🇧🇷 #AlvaroDias19 https://t.co/L4ehwLE7Ka";2018/09/21 23:29:04;;123
Henrique Meirelles;@Andr65671616 Com Meirelles no Banco Central, 40 milhões de brasileiros saíram da pobreza. Diminuir a desigualdade e acabar com os privilégios de quem ganha muito, para garantir o benefício de quem precisa. Essa é a reforma que Meirelles defende. #ChamaOMeirelles #EquipeHM #Meirelles15;2018/09/05 10:57:43;;123
Marina Silva;💚 Começou o #DebateSBT https://t.co/YrowpKYzPq;2018/09/26 20:47:50;;123
Sonia Guajajara 50;"Nossa candidatura é uma expressão de uma aliança de vários movimentos juntos. E concluímos que não é possível implementar nenhuma política pública se não revogarmos essa PEC. Como vamos melhorar as pesquisas, o investimento em ciência e tecnologia? 
https://t.co/GZkRTCRQwy";2018/09/26 18:14:56;;123
Partido Social Liberal - PSL;"""A narrativa agora é que eu perderia, no segundo turno, para qualquer um. (...) Não é perder no voto é perder na fraude"" - @jairbolsonaro #Dia7é17";2018/09/16 20:10:50;;123
Manuela;@UJSBRASIL 👊❤️;2018/09/18 22:56:20;;123
PT Brasil;#AOVIVO | Fernando Haddad, Manuela D'Avila e Miguel Rossetto no trem a caminho de Porto Alegre. https://t.co/yzFLgh9602;2018/09/27 20:48:46;;123
Guilherme Boulos;No nosso governo, nós vamos fazer a lei ser cumprida. Imóvel que esteja abandonado será desapropriado para dar moradia a quem precisa. Inclusive nas regiões centrais, porque pobre tem direito de morar no Centro também.;2018/09/03 20:34:56;;123
PSDB;#MS: Candidato à reeleição, o governador do Mato Grosso do Sul, @Reinaldo45psdb, lidera com folga todas as pesquisas de intenção de voto e poderá vencer a eleição no 1º turno. Leia: https://t.co/ZpQbLuPjJP https://t.co/tctnLJDXJP;2018/10/04 15:00:02;;123
NOVO 30;Como mudar o Brasil votando em representantes da velha política? Dê uma chance ao NOVO. Vote 30. https://t.co/oRGveOMIFO;2018/09/20 20:30:47;;123
Guilherme Boulos;Escolha quem representa suas bandeiras, não deixe o medo dominar seu voto. #VoteNoQueAcredita https://t.co/nQ1C6gZZNj;2018/09/17 13:57:23;;123
Ciro Gomes;#EleNãoVaiGanharNoGrito https://t.co/9duDZcDVt9;2018/09/29 13:52:01;;123
João Amoêdo;"""A proposta do NOVO é tirar poder dos políticos e devolver poder para as pessoas. Isso passa pela redução dos privilégios dos políticos."" #AmoêdonoPânico";2018/09/04 15:47:31;;123
Sonia Guajajara 50;"Acompanhe #AoVivo o #DiaB em Salvador, direto da Praça da Piedade &gt;&gt; https://t.co/0RWjsM8bhW
#BoulosESonia50 #Psol https://t.co/5BvSan4Y9F";2018/09/21 22:58:04;;123
PT Brasil;"“Estão se valendo de instrumentos jurídicos e eleitorais para atropelar o livre direito de expressão e tentar intimidar a coligação ‘O Povo Feliz de Novo’. Não conseguirão!”

Leia na íntegra: https://t.co/cbHJrN9tyy https://t.co/dIqYA5BKdJ";2018/09/29 15:02:45;;123
PT Brasil;Não é à toa que Lula é Haddad e Haddad é Lula! A história dessa dupla é antiga. Saiba tudo no site: https://t.co/QBh7OUIXNd #HaddadÉLulaNaTV;2018/09/21 00:30:09;;123
João Amoêdo;"@TomRibeiro18 Vamos em frente, Tom. Contamos com você. 
#VemComJoão30 
#VamosRenovarTudo 
#Vote30 
#EquipeJA";2018/09/25 17:23:57;;123
Henrique Meirelles;@ccampana_ Sendo Meirelles uma figura competente, também no setor privado, é normal que tenha exercido funções no conselho de diversas instituições ao longo de sua carreira. Nesse caso, ele ocupava apenas um cargo no conselho consultivo. #EquipeHM #ChamaOMeirelles15 #VoteMeirelles15;2018/09/30 16:06:52;;123
PSDB;COMEÇOU! Acompanhe @geraldoalckmin ao vivo na #SabatinaEstadaoFAAP. Acompanhe! 😉 https://t.co/eyw9j6FPT1;2018/09/06 13:08:36;;123
NOVO 30;Esse é o mal do populismo. Não será ninguém além da própria população que pagará pelas promessas de campanha. #VamosRenovarTudo #Eleições2018 https://t.co/6vEQG1Doa7;2018/09/03 15:50:46;;123
PDT Nacional;"“O candidato que lidera a pesquisa, tem seu vice dizendo que vai acabar o 13º salário e o Bolsonaro quando vê, nega. O que me assusta não é só a mentira. Me assusta uma equipe de 3 pessoas - Bolsonaro, Mourão e Guedes, brigando. Você acha que vai dar certo?""
#CiroNaGlobo
#Ciro12";2018/10/05 02:56:00;;123
PT Brasil;#AOVIVO | Fernando Haddad, candidato de #Lula à Presidência da República, em Campoinas/SP https://t.co/RVJjQw2lu9;2018/09/25 19:16:49;;123
Joao Goulart Filho 54;É fora de propósito defender aumento de impostos para pobres e redução para os ricos como quer Jair Bolsonaro. Temos que fazer exatamente o inverso, além de aumentar o salário mínimo.;2018/09/25 17:54:06;;123
Guilherme Boulos;Hoje tem debate na @recordtvoficial! Acompanhe e avise os amigos e familiares! #BoulosESonia50 https://t.co/AJ7Stj9t1W;2018/09/30 13:29:28;;123
Henrique Meirelles;Se você topar, eu topo. #VoteMeirelles15 💪 https://t.co/Bz897jzORa;2018/09/30 13:23:51;;123
PT Brasil;Como ministro, @Haddad_Fernando instituiu o Fundeb e criou um novo padrão de financiamento público para a educação. #TBTreze;2018/09/13 13:15:07;;123
Henrique Meirelles;@antoniotabet @antoniotabet, se o Meirelles for eleito, a democracia fica, o Brasil cresce e esses dois ainda aprendem economia. #ChamaOMeirelles15 #EquipeHM;2018/09/17 23:06:12;;123
Fernando Haddad 13;Fernando Haddad, candidato a presidente de Lula, com Katia governadora em Goiânia #HaddadPresidente https://t.co/Uj6RRJR0pV;2018/09/28 15:00:23;;123
Guilherme Boulos;"Mais de 100 programas federais, que incluem obras de hospitais, compra de medicamentos e preservação de patrimônio, estão sem nenhum centavo desde que Temer assumiu a presidência. À espera de um milagre da ""confiança estrangeira"", o país foi paralisado.";2018/09/10 21:55:00;;123
PSOL 50;"A construção da Usina de elo Monte afeta de modo irreversível a biodiversidade e os povos que habitam a região. Precisamos lutar contra o modelo predatório utilizado pelos governos!

#BoulosESonia50 https://t.co/WrVg4VpHTZ";2018/09/14 23:00:00;;123
PT Brasil;A decisão inicial do TSE de barrar a candidatura de @LulaOficial, proferida no dia 31 de agosto, foi destaque na mídia internacional. A impugnação é contestada pela defesa do ex-presidente junto ao próprio TSE e ao Supremo Tribunal Federal. https://t.co/hCihry9EAM;2018/09/07 17:29:39;;123
Fernando Haddad 13;“O amor irá vencer o ódio e as mulheres irão decidir estas eleições” - @ManuelaDavila, nossa candidata a vice. #EleNão #EPelaVidaDasMulheres https://t.co/76EL8Kno6w;2018/09/29 21:35:39;;123
PSDB;O deputado federal @Joaoppapa (SP), está em busca de sua reeleição. O tucano já foi duas vezes prefeito de Santos e se destaca em áreas de desenvolvimento urbano, mobilidade e saúde. ➡ https://t.co/NdLfyt9Wg5 https://t.co/oMo19Bkxk0;2018/09/25 13:00:00;;123
NOVO 30;Conheça, vote e divulgue os candidatos do NOVO no Mato Grosso do Sul. Acesse o site https://t.co/OiUrE5PAXZ https://t.co/FedoGNeLd6;2018/09/19 22:27:34;;123
Geraldo Alckmin;"@Odiguinho 3.503. São 8,02 mortes a cada 100 mil habitantes, a menor taxa de homicídios do país e a menor da história do estado de São Paulo. 
#equipeGA";2018/09/09 23:01:45;;123
Manuela;"Vamos garantir atenção às nossas demandas, assegurando atendimento médico especializado para as mulheres ✊
#ManuNoJaburu #HaddadPresidente #OBrasilFelizDeNovo https://t.co/Lc1sYuk63S";2018/10/01 19:35:33;;123
Henrique Meirelles;Hoje, às 22h00, estarei ao vivo no #DebateTVRecord. Acompanhe! #VoteMeirelles15 https://t.co/wEr9WC9Bqz;2018/09/30 17:00:02;;123
NOVO 30;@TIAGOVERSALLES @g1 Estamos juntos, Tiago! #VamosRenovarTudo;2018/09/05 17:26:34;;123
Fernando Haddad 13;Enquanto eles seguem com uma campanha baseada na disseminação de terror e mentiras, nós seguiremos com a nossa agenda propositiva pelo Brasil. #Vote13 #HaddadPresidente https://t.co/pGfsJ7ayPr;2018/10/04 15:05:00;;123
PSOL 50;Um pequeno comparativo. #EleNão https://t.co/seV8uCJJeT;2018/09/30 15:02:50;;123
Henrique Meirelles;Começou a sabatina Congresso em Foco e MyNews, acompanhe ao vivo. #ChamaOMeirelles 💪#EquipeHM #Meirelles15 https://t.co/AeO1XvF8xV;2018/09/05 17:42:02;;123
Alvaro Dias;Falando sobre agrotóxico no debate #gazetaEstadaoJP https://t.co/VPi1QRIQJc;2018/09/09 22:13:38;;123
Ciro Gomes;Vamos juntos, meu amigo @caetanoveloso! #CiroSim #Ciro12 https://t.co/se24q4MWlU;2018/10/03 22:18:53;;123
PT Brasil;Por que ajudar a Vaquinha do Haddad? Para você participar ainda mais do Brasil Feliz De Novo! #ApoieHaddadManu  https://t.co/vCguOcvleh;2018/09/18 19:35:03;;123
Sonia Guajajara 50;"Nossa candidatura não quer subir degraus pra se consolidar entre os figurões da política, queremos construir um projeto de futuro pro povo e junto com ele.
Falei ao Cidadanista sobre dia a dia de campanha, bem viver e o que queremos pro Brasil. Confira: https://t.co/br4MBcJHS2";2018/09/26 15:18:56;;123
João Amoêdo;São pessoas como a Cristiana que vão mudar o Brasil. https://t.co/bVE2danYce;2018/09/27 16:41:30;;123
PSDB;#MG: Durante o debate realizado pela Globo Minas, @Anastasia apresentou suas propostas para recuperar o Estado, atrair investimentos e gerar emprego e renda para os mineiros, além de desmascarar as mentiras apresentadas pelo governador petista. Leia: https://t.co/Gz4MAPhgF4 https://t.co/7hpJWJdL6S;2018/10/04 17:00:02;;123
Manuela;"2) Passei a tarde com estudantes prounistas e cotistas, jovens que realizam sonhos que gerações de brasileiros sequer ousaram sonhar. 
E possível mudar o Brasil. Nós já mudamos uma vez. Conheci Haddad nesse período. Eu na UNE, ele no MEC. +";2018/09/12 22:00:55;;123
Manuela;@marciatiburi E logo eu que só tenho tatuagens lindas❤️;2018/09/13 23:04:28;;123
Kátia Abreu;https://t.co/tqVPKPRtU1;2018/09/24 00:27:59;;123
PSOL 50;"Não vamos abrir mão de nenhum dos nossos princípios. Nesse 1º turno, vote no que você acredita, vote 50! 

#VoteNoQueAcredita #BoulosESonia50 https://t.co/vKMzB2S9Tl";2018/09/19 13:09:40;;123
João Amoêdo;@silvanaharse Isso aí, Silvana. Chegou a hora da mudança. O povo quer o novo e só o NOVO é novo. #VamosRenovarTudo #EquipeJA;2018/09/26 12:33:17;;123
Manuela;Boa noite, galera! Com essa foto de tirar o fôlego do @ricardostuckert : no agreste pernambucano, com Dona Marina Maria de Jesus, de 93 anos, que costurou as primeiras roupas de Lula. 😍 https://t.co/xcThj6laTV;2018/09/01 23:43:32;;123
Sonia Guajajara 50;Fundamental o combate aos privilégios para combater as desigualdades #BoulosNoSBT #DebateNoSBT https://t.co/cZe7N8ao8u;2018/09/26 21:11:13;;123
Fernando Haddad 13;Baixe, compartilhe e divulgue nosso plano para trazer de volta o Brasil de Lula. Um país mais justo e com oportunidades para todos. #Vote13 #HaddadPresidente https://t.co/Bu9F2lR9k1 https://t.co/y5OfYkaNKA;2018/10/06 16:25:23;;123
PSOL 50;Fazer campanha contra um candidato é permitido. Tentar censurá-la é crime! A denúncia foi movida por @ilkateodorodf, candidata do PSOL no DF 👊👊 https://t.co/YcyUoNZE1q;2018/09/18 19:18:26;;123
Jair Bolsonaro 1️⃣7️⃣;"- Obrigado Vitória!
- Um forte abraço Espírito Santo! https://t.co/TUAigCdHcT";2018/09/30 19:43:01;;123
Henrique Meirelles;@ssfloripa Olá, Sergio. Dados comprovados. Você pode inclusive recorrer às agências de checagem de fatos que atuaram durante o debate. #ChamaOMeirelles15 #EquipeHM #VoteMeirelles15;2018/09/26 22:37:38;;123
MDB Nacional;O melhor candidato para governador do Pará é do MDB: Vote 15! Vote Helder Barbalho! https://t.co/bCJpX2bg74;2018/09/12 18:15:20;;123
Henrique Meirelles;@nando_nandomj @MarinaSilva A campanha do Meirelles segue à toda, Fernando. Por acreditar que o caminho da prosperidade e do trabalho está com ele. #ChamaOMeirelles15 #EquipeHM #VoteMeirelles15;2018/09/25 14:58:41;;123
Kátia Abreu;Ciro tem força e autoridade moral.;2018/09/26 21:25:37;;123
Jair Bolsonaro 1️⃣7️⃣;"O Brasil mostrado nas propagandas eleitorais está longe de ser o que vivemos na realidade. Enquanto marketeiros formulam palavras bonitas e narram um conto de fadas, as pessoas estão presas dentro de suas próprias casas; mães esperam angustiadas pela chegada de seus filhos.";2018/09/11 13:29:13;;123
PSDB;Nosso candidato é incomparável!  👏👏👏 @geraldoalckmin #GeraldoNaGazeta #GazetaEstadaoJP https://t.co/IuaUX0nfPd;2018/09/09 22:08:11;;123
João Amoêdo;@loisea7 Obrigado pelo carinho, Loisea. Vamos em frente por um NOVO Brasil. Não esqueça de assinar e compartilhar com todos os seus amigos a nossa petição por João Amoêdo nos debates: https://t.co/SyPddv9GHc. #JoãoCom6% #EquipeJA;2018/09/26 13:14:07;;123
Fernando Haddad 13;Nós queremos cultivar um ambiente de paz com dois focos: trabalho e educação. #HaddadAoVivo;2018/09/24 16:02:58;;123
Manuela;@Haddad_Fernando: “O que a gente traz aqui é a ideia de um Brasil que não esquece de seus sonhos”. #HaddadÉLulaNoJN;2018/09/14 23:15:45;;123
Alvaro Dias;Caminhada em Carapicuíba-SP: https://t.co/bHWXKdSHEU via @YouTube;2018/09/12 21:23:57;;123
Manuela;#OBrasilFelizDeNovo #ManuNoJaburu #HaddadPresidente https://t.co/trSdp7rgfL;2018/09/27 16:34:30;;123
Henrique Meirelles;@VivianFauvel @conexaopolitica @teresinhalopes Obrigado o reconhecimento! #ChamaOMeirelles #EquipeHM #Meirelles15;2018/09/10 11:55:19;;123
PT Brasil;Conforme comprovado por vídeo em ato realizado no Acre, o deputado da extrema direita fez gesto de “fuzilamento” e instigou seu público a, em suas próprias palavras, “fuzilar a petralhada toda aqui do Acre”. Saiba mais: https://t.co/TCBiwoQRDn;2018/09/03 17:35:22;;123
Kátia Abreu;"ReVEJA Ciro Gomes: Em 1992, o mais jovem (e popular) governador do país https://t.co/7Hxsqd6UFA
ORGULHO NOSSO!";2018/09/09 18:51:39;;123
Kátia Abreu;Veja o olhar dele pra câmara. Sabe que faz sucesso.Danado. https://t.co/LXTQxMljHz;2018/09/23 15:24:14;;123
Vera;Nossa agenda de ontem no Rio de Janeiro é destaque no @g1. #TôComVera #pstu16 https://t.co/nJOd6lATVy;2018/09/08 14:36:41;;123
João Amoêdo;"Temos a 3ª maior fronteira do mundo.
Para reduzir a entrada de drogas e armamento,precisamos usar tecnologia para monitorar fronteiras,tirar a Polícia Federal das atividades administrativas e trazê-la para trabalhar de forma integrada com a polícia local.
https://t.co/9g2NcYZKBC";2018/09/07 22:54:43;;123
João Amoêdo;"@netofiscina @geraldoalckmin Obrigado pelo apoio. Chega da velha política. É hora de renovar o país e só o NOVO é NOVO. Vamos em frente. 
#VamosRenovarTudo
#VemComJoão30
#EquipeJA";2018/09/19 22:00:59;;123
João Amoêdo;@pcapinheiro Paulo, o João esteve em Campinas recentemente. Nós estamos percorrendo todo o país, não deixe de acompanhar a nossa agenda https://t.co/AWCIyhU7ym. #VemComJoão30 #Vote30 #EquipeJA;2018/09/26 13:23:21;;123
Manuela;Se liga na agenda de hoje! #ManuNoJaburu #HaddadPresidente #OBrasilFelizDeNovo https://t.co/V38lyKYGck;2018/10/05 16:46:05;;123
Ciro Gomes;Abraço, povo de Minas! 😘 #EquipeCiroGomes  #Ciro12 #GazetaEstadaoJP https://t.co/zidKHx7ceg;2018/09/09 20:39:50;;123
PT Brasil;Eugênio Aragão, advogado eleitoral de Lula, concede coletiva de imprensa em Brasília https://t.co/0v8c7DFEuZ;2018/09/05 14:23:42;;123
PSOL 50;É preciso retomar com urgência o investimento público em educação. Para isso, antes de tudo vamos revogar as medidas de Temer! #BoulosNaGlobo #DebateNaGlobo https://t.co/AZrZhY9tRc;2018/10/05 03:16:34;;123
Manuela;Incêndio de grandes proporções atinge o Museu Nacional, no Rio de Janeiro . Que notícia triste para nossa cultura e educação , já tão sacrificados ...;2018/09/02 23:40:00;;123
PT Brasil;Juntos vamos colocar Haddad no Alvorada e Manu no Jaburu. Contribua com nossa vaquinha. #HaddadÉLulaNoSBT https://t.co/vCguOcvleh;2018/09/26 22:20:03;;123
PSTU;FALA VERA | Nós, da classe trabalhadora, precisamos nos organizar para lutar, impedir que qualquer candidato que ganhe essa eleição venha tirar nossa aposentadoria #DebateNaGlobo https://t.co/CtLnichBDy;2018/10/05 02:20:39;;123
Ciro Gomes;Se você acredita que o Brasil precisa mudar, estamos juntos. #Ciro12 #GazetaEstadaoJP;2018/09/09 23:35:16;;123
Kátia Abreu;https://t.co/ozYFrCUvRU;2018/10/02 05:01:06;;123
Jair Bolsonaro 1️⃣7️⃣;01/10/2018: Em live Bolsonaro fala sobre política e questões nacionais. https://t.co/1x1g8uwHsD;2018/10/02 13:53:03;;123
Alvaro Dias;"Alvaro Dias destaca que a valorização da primeira infância - do pré-natal até os 6 anos de idade - será a grande prioridade do seu governo. ""Com isso, vamos reduzir os índices de violência e de corrupção e influenciaremos no crescimento econômico do país"", disse. #DebateNaGlobo";2018/10/05 03:32:06;;123
Jair Bolsonaro 1️⃣7️⃣;Ratinho fala quem é seu candidato ao Senado por São Paulo: @majorolimpio (177). Para ter acesso a nossos candidatos pelo Brasil, acesse: https://t.co/5w4LJxhE3b https://t.co/PDCV1wcCkU;2018/10/06 20:47:38;;123
Henrique Meirelles;@JoseCRAndrade Meirelles não vai desistir! Seu histórico comprova que, além de ficha limpa, ele sempre trabalhou para o Brasil, e quer continuar fazendo isso. Confira aqui sua história e as diferenças com outros candidatos: https://t.co/z6RHxpK5zy. #ChamaOMeirelles #EquipeHM #Meirelles15;2018/09/11 13:09:49;;123
Henrique Meirelles;@guilhermem740 @gui_mangieri Chama que é muito melhor! #ChamaOMeirelles15 #EquipeHM #VoteMeirelles15;2018/09/18 14:01:36;;123
João Amoêdo;"Útil é votar em quem te representa de verdade e vai fazer as mudanças que o Brasil tanto precisa. Vote sem medo. Vote 30. Vote João Amoêdo. Muito obrigado pelo apoio, Marcus. 
#EuVotonoJoão30 https://t.co/pmHtCNZqxk";2018/10/03 15:10:51;;123
Geraldo Alckmin;Não queremos a tragédia de um 2º turno entre dois radicais. Nós vamos ao segundo turno e vencemos tanto Bolsonaro quanto o PT do Haddad. Os brasileiros já têm problemas demais. Não podemos ter um presidente que seja mais um problema. Quero ser presidente para trazer soluções!;2018/10/05 18:43:56;;123
Henrique Meirelles;@JPaulo645 @GuilhermeBoulos Obrigado, João. O Meirelles não foge nem dos debates e nem do trabalho. É por isso que ele é candidato. 💪1⃣5⃣  #VoteMeirelles15 #EquipeHM;2018/10/01 00:02:04;;123
NOVO 30;A lei é igual para todos. Vamos usar todos nossos esforços para que a população tenha um ambiente de segurança e transparência para decidir seu voto. https://t.co/A6JGGmb4G0;2018/09/01 20:27:46;;123
Márcio Pacheco;"CONVÊNIOS DA FIA SÃO ASSUNTO DE NOVA AUDIÊNCIA: 
https://t.co/Z6jv4DnQeD #Alerj #FIA #PcD";2016/04/13 13:25:44;;7
Samuel Malafaia;"Prefeitura do Rio terá menos agentes para fiscalizar os mijões no carnaval

http://t.co/27fAzykJBN http://t.co/v8BrZIWlv4";2015/02/12 18:14:02;;7
Eduardo Lopes;#NoticiaPRB PRB amplia presença no legislativo e elege vereadores em 22 capitais brasileiras: Co... https://t.co/9X8lR7fhwe via @prb10rj;2016/10/03 05:31:45;;7
Arolde de Oliveira;Os defensores do que está aí, essas desgraceiras que devastaram o país, não aceitam @jairbolsonaro porque ele é honesto, independente, humilde, patriota e está preparado para recolocar o Brasil nos trilhos. RT @ATricolinda: @CarlosBolsonaro Estão se borrando, isso sim!;2017/12/26 22:53:11;;7
Pedro Paulo;Tá no Ancelmo! O primeiro trem do VLT já está a caminho do #RJ. #VLT #CidadeOlímpica #Rio2016 http://t.co/kvBhkb2Z6D;2015/06/02 15:42:47;;7
Caio;"Minha entrevista para a TV-Búzios na Bienal do Livro/RJ 

https://t.co/Jl8lFaAzLM https://t.co/XoLoNXUfMC";2017/09/08 14:31:09;;7
Waldeck Carneiro;O Jornal Atual https://t.co/hw81U805uh;2017/12/01 02:09:55;;7
Abelardinho;SÃO OS VOTOS DO SOLIDARIEDADE ITAGUAÍ, representado pelo Presidente Municipal do partido, o vereador Abelardinho... http://t.co/BEV96fPRLn;2013/12/24 22:00:02;;7
Gustavo Tutuca;Os endereços dos meus comitês estão disponíveis em www.gustavotutuca.com.br;2010/07/22 16:19:51;;7
André Corrêa;Sabe aquela história que a Suécia é o “socialismo que deu certo”? Então, é mentira. https://t.co/7i3nog76H4;2017/09/17 21:08:47;;7
Gustavo Tutuca;Hoje é o último dia de inscrições do #VestibularCederj 2016. Ainda dá tempo de se inscrever e começar 2016... https://t.co/DBiWh7pmvx;2015/11/21 19:33:38;;7
Arolde de Oliveira;RT @CarlosBolsonaro: Relembrar a formação de @jairbolsonaro é sempre ... https://t.co/xjRsJoQFpf;2018/01/16 12:27:53;;7
Alair Corrêa;http://t.co/RKdyAQexuP;2014/09/13 21:38:37;;7
AndersonDerson Silva;https://t.co/n3LMXFrxpf;2018/01/05 12:18:11;;7
Rodrigo Maia;rodrigomaia.com.br – VOTE - Para novas regras para o (FGTS) em financiamentos da casa própria -  http://migre.me/10wxX;2010/07/28 14:58:05;;7
Talíria Petrone;"Tá chegando 😍💜

Aqui no Rio já temos a primeira reunião para organizar o 8 de Março: dia 30, às 18h, na Camtra.... https://t.co/0BfNH92vND";2018/01/10 12:57:18;;7
Chico D'Angelo;Vitória: após decisão do STF, Petrobras suspende venda de ativos https://t.co/55kW3fkCIh;2018/07/03 21:13:25;;7
Marcelo Calero;É a decisão da impunidade, da vergonha, do retrocesso. A oligarquia política celebra. STF desarmando todas as garantias contra corrupção. https://t.co/TenSqO2Cj5;2017/10/12 00:26:49;;7
Jandira Feghali;#LULALIVRE maravilhoso aqui na Feira de São Cristóvão! https://t.co/WE8M0fNSXz;2018/07/29 17:54:55;;7
Flavio Serafini;Flavio Serafini reivindica agenda propositiva de audiências públicas na ALERJ contra os ataques do Governo Pezão à educação pública. Confira aqui: https://t.co/xafyteWWwZ;2018/02/07 17:51:38;;7
David Miranda;A cara da velha política. Isso é nepotismo. https://t.co/h1Xn60PYdT;2017/02/02 12:26:46;;7
André Corrêa;@InspetorPM @ClvClaudio Triste vocês não desejarem o diálogo.;2016/02/11 16:48:15;;7
Sgt Gurgel Soares;Uma maldade dessas devia ter prisão perpétua. https://t.co/pJUVDAuC0P;2015/11/12 13:45:53;;7
buiu saquarema;@saquarema_ga HJ TEM FESTA DO LADO DA PREFEITORA D #SAQUAREMA_GA VEMNHA CONFERIR;2011/08/19 16:03:10;;7
Aspásia Camargo;Rio +20: 2º Fórum de Des. Sustentável dos engenheiros e agrônomos. A engenharia  deve estar a serviço da viabilização das metas sustentáveis;2013/03/25 13:24:30;;7
Marcelo Freixo;Bom dia, outubro! Mês das eleições. Faltam 6 dias para confirmar o 5050 nas urnas. Converse com seus amigos que ainda não sabem em quem votar e diga que agora sou candidato a deputado federal. #Freixo5050 #AgoraeÉFederal;2018/10/01 11:03:18;;7
Hugo Leal;Em Cabo Frio, fui recebido pela suplente de vereadora Dra Rafaela Faria e tive a oportunidade de fazer uma prestação de contas do mandato parlamentar: das verbas federais  garantidas através de emendas às iniciativas nas áreas de trânsito, saúde e segurança pública. https://t.co/3xfJTHe4DZ;2018/07/15 16:09:30;;7
Flavio Bolsonaro;"Sobre a morte de Teori, no que é mais difícil acreditar? Na teoria da conspiração ou na teoria da ""foi só coincidência mesmo""?";2017/01/20 12:47:11;;7
Clarissa Garotinho;@ImoveisAlmeida É verdade, Almeida! Mas vai melhorar! Rs!;2013/10/21 14:50:02;;7
Daniela do Waguinho;O estudo “O Mundo das Mulheres”, de 2015, revelou que nós trabalhamos tanto quanto os homens. Então, por que ganhamos menos do que eles? Lutar pela igualdade entre homens e mulheres no mercado de trabalho é também é uma das minhas lutas. https://t.co/QUiJVBp1lv;2018/10/03 13:25:54;;7
Clarissa Garotinho;"""Mas independente de quem seja o próximo presidente, o próximo governador do Rio vai precisar dialogar p/ que a população seja beneficiada""";2013/10/22 22:51:33;;7
Alair Corrêa;DIPLOMAÇÃO http://t.co/b3jIGvGV;2012/12/10 21:11:19;;7
Marcelo Calero;"Imprescindível leitura para aqueles q defendem Temer como um ""mal menor"". Não se relativiza corrupção! Ela é a fonte de todos os males! https://t.co/jFQBbus310";2017/10/18 13:11:22;;7
Benedita da Silva;A imprensa golpista brasileira censura o Papa Francisco ao NÃO divulgar q a Rep. de Curitiba proibiu q um assessor do maior líder mundial entregasse uma mensagem e presente do Papa a Lula. Essa é a Casa Grande c/o seu ódio, cinismo e desrespeito. Charge do querido @DanielPxeira https://t.co/hA7UjBhp9T;2018/06/12 14:05:51;;7
malta junior;@PrSilasFilho Bom dia Pr. Obrigado pela sua presença nos Arrebatados. Foi muito legal!rsrsrrs Paz!;2011/06/27 13:01:32;;7
Glauber Braga;Tarde em Petrópolis junto com o PSOL. Em momentos difíceis, nada melhor do que buscar energias com pessoas especiais. Glauber e Chico Alencar levaram um abraço ao companheiro Yuri que faz aniversário e reforçar o quanto precisamos estar juntos. #EquipeDeComunicaçãoGlauber https://t.co/lcNNvdhWRg;2018/03/24 21:43:00;;7
Rosenverg Reis;"Promessa encontrada em Salmos 23:4 
http://t.co/uUzsMW7Bsc http://t.co/ikDJ1r6zx3";2015/02/06 01:26:49;;7
Sgt Gurgel Soares;https://t.co/qjqhURLbxZ;2016/02/23 13:13:52;;7
malta junior;BOMBA! ESPOSA PR. @PMarcosPereira,RESOLVE FALAR TODA A VERDADE!!!! VIDEO http://t.co/uauVcQTaGc;2013/05/12 13:47:58;;7
Benedita da Silva;O ato hoje em Copacabana pelas DIRETAS JÁ foi lindo. Mais um passo importante rumo ao reencontro com a democracia. https://t.co/jrho3iXtdI;2017/05/29 03:56:47;;7
Hugo Leal;Com vereadores Soraia Balieiro e Reginaldo Engenheiro Passos, do PSB de Resende:emendas e projetos nas áreas de saúde e assistência social https://t.co/Djx1tvXSJb;2017/02/06 21:00:21;;7
Marcelo Freixo;#AoVivo: Ato luto pelo Museu Nacional. https://t.co/qLt465AEMG;2018/09/03 21:31:39;;7
Waldeck Carneiro;O site Base de Notícias também publicou matéria sobre o PL 1.486/2016, de que sou o autor, que tem como objetivo... https://t.co/FMai1YX0ss;2016/06/29 21:45:58;;7
Alessandro Molon;@cl_santos @camaradeputados @RosieDaSerenata Carlson, td bem? Este é o aluguel+condomínio da sala q abriga o mandato no Rio. A cota parlamentar prevê q os deputados tenham um local físico em seu estado d origem para atender à população. É lá q trabalha nossa equipe tb. Esperamos ter ajudado a esclarecer. Abs da #EquipeMolon;2017/11/08 19:08:05;;7
malta junior;@GlauciaRochas Hummm Olhai ai hein. Terrra!! Revela logo esse pecado!rsrsrsr;2011/06/05 04:24:58;;7
Rosangela Gomes;bpinaldo obrigada pela força. O programa hoje foi um sucesso. #plantãodafé http://t.co/t5N1YcapPv;2014/04/02 19:29:18;;7
Cyro Garcia - PSTU;Amanhã às 10:00 da manhã tenho um debate com os candidatos a governador na Unirio.;2010/08/29 21:41:22;;7
Flavio Serafini;É hoje a audiência sobre o acervo da polícia civil apreendido em terreiros e casas do Candomblé e Umbanda. Queremos reparação histórica!;2017/09/19 11:13:27;;7
Alair Corrêa;@sandra_bullock8 Feliz Natal e um Próspero Ano Novo!!! http://t.co/mXGIAvOm;2011/12/25 03:53:59;;7
Márcio Pacheco;Um esforço contínuo para defender a vida de crianças e jovens em situação de risco. https://t.co/tH6TT8y12x https://t.co/ieLp5LsNk8;2015/12/30 22:22:41;;7
Flordelis;"Itaboraí também quer dar a volta por cima; Itaboraí quer Flordelis 5593 para Deputada Federal! E saiba, eu serei  a sua voz no Congresso Nacional. Vote #Flordelis5593 #DeputadaFederal https://t.co/jfrO6CYzko";2018/09/22 12:50:09;;7
Márcio CaneLLa;Eu, Deputado Estadual Márcio Canella, estive agora prestando contas do mandato, acompanhado da Primeira-dama Daniela do Waguinho, do Pastor Reinaldo, do amigo Fabinho GBox e demais moradores do Parque Amorim. https://t.co/5ZLqmtb8M2;2018/08/07 00:23:36;;7
Hugo Leal;"Deputados do Rio pediram ao procurador-geral da República, Rodrigo Janot ,a intervenção federal no Rio
Veja: https://t.co/4J03nODn6Z";2017/05/31 19:01:26;;7
Rosenverg Reis;Hoje recebemos os medalhista #paralímpicos de #Toronto para um bela homenagem. Obrigado por representarem o #Brasil! http://t.co/ZftuWg2IJI;2015/09/03 18:33:47;;7
Eduardo Lopes;#NoticiaPRB PRB elege dois vereadores em Porto Alegre: O vereador reeleito e presidente municipa... https://t.co/C9X9xSBUqw via @prb10rj;2016/10/09 14:49:30;;7
Altineu Côrtes;"Obrigado por curtir a nossa página meu amigo!
#VAMOSCAMINHARJUNTOS http://t.co/ZOctZSUxnB";2014/06/02 13:34:04;;7
AndersonDerson Silva;https://t.co/c1DM8l902O;2018/06/26 15:34:49;;7
Waldeck Carneiro;"Em Brasília, com o autor Vangi Souza e o ilustrador Daniel Azulay, criadores da cartilha ""Juntos,… http://t.co/al9ottsY54";2014/10/29 20:38:11;;7
Alessandro Molon;Já apresentamos um pedido para que este absurdo seja retirado de pauta. Queremos regras mais eficientes! #ChameMolon;2017/05/31 13:47:14;;7
Aspásia Camargo;@MarcoAureliogdo Excelente reflexao.;2013/01/26 14:28:31;;7
Chiquinho Mangueira;O futuro do maracanã foi o tema da reunião, presidida por mim, da comissão de esportes da @alerj https://t.co/ShwaNMJsaN https://t.co/FYnMXyar18;2017/04/28 13:24:53;;7
Marcelo Calero;"@freire_roberto @ghcruz28 Deputado, respeite uma opinião diferente da sua. ""Inconstitucionalidade"" do STF não existe, pois ele define o que eh constitucional.";2017/09/28 03:06:27;;7
Arolde de Oliveira;"#VOTE SENADOR 555
Sou a favor da flexibilização do Estatuto do Desarmamento, pois cada cidadão pode ter o direito de se defender.
#senador555 #pelavida #pelafamilia #unidospeloamor #eleicoes2018 #bolsonaro17 https://t.co/5iDbIvTbRj";2018/09/18 20:45:39;;7
Chiquinho Mangueira;"Hoje o Vasco da Gama comemora 94 anos do ato contra o racismo conhecido como ""Resposta Histórica"". Parabéns! Sou um defensor desta causa e entendo que a luta contra o racismo é um dever! Não somente no esporte, mas em todas as esferas da sociedade. #RespostaHistorica https://t.co/ugAvIVvCyA";2018/04/07 18:03:46;;7
Eduardo Lopes;"Sabemos das dificuldades dos municípios e estamos trabalhando para que a retomem o crescimento. Sempre com você!

#SenadorEduardoLopes #SenadorDoRio https://t.co/L8SUpjoukC";2017/12/03 11:20:41;;7
Pedro Fernandes;Um excelente dia a todos!;2012/05/22 14:32:40;;7
Rosenverg Reis;Bom dia amigos e amigas! Vamos confiar que esta quarta será um dia de renovaçã... https://t.co/9o3Ek49625 https://t.co/NBNcA3OtA3;2017/01/11 11:01:39;;7
Rodrigo Cosenza;#georgidimitrov #psol #psolrj #psolteresópolis #trabalhadores #proletários #socialismo #comunismo #rodrigocosenza em Teresópolis/RJ https://t.co/b37w4emHf7;2018/08/11 09:22:06;;7
AndersonDerson Silva;https://t.co/jJjcDRFUyk;2016/08/04 23:27:07;;7
Wagner Montes;OPORTUNIDADE: LinkedIn inaugura plataforma online de cursos no Brasil https://t.co/LoPSlVoRtm;2018/08/17 18:08:55;;7
Marcelo Calero;Agora, às 19 horas, live no Facebook! 🎥 Vou falar da campanha e dos meus compromissos para o Estado do Rio. Conto com sua participação! Vem comigo! https://t.co/JbE09l9EdH;2018/09/20 21:16:59;;7
Martha Rocha;https://t.co/KWU5WUpegj;2017/05/04 18:54:11;;7
REGINA TOSTA;https://t.co/Zn56GPOROU;2015/12/30 01:01:41;;7
Clarissa Garotinho;Estou participando agora da reunião de organização da Passeata em Defesa dos Royalties do Petróleo! #VetaDilma;2012/11/22 19:58:29;;7
Alair Corrêa;CABO FRIO É ESPORTE: ADDP(Cabo Frio) como mostra a foto vai por aqui vencendo o São Paulo e no intervalo... http://t.co/Go7N5dZVuR;2014/08/26 23:50:48;;7
Chico D'Angelo;"""Eu sou contra o Exército colocando os jovens contra o paredão, como se fossem bandidos... muitos são trabalhadores. [...] Interferência militar não é solução, porque o problema já vem de longe"".

A história se repetindo como farsa e a sabedoria de Brizola sempre fazendo falta. https://t.co/l1MYdr3u9T";2018/02/25 22:52:42;;7
Marcelo Freixo;@luc4sgL não é isso não. Quero que o Liverpool tenha a chance da revanche com o Mengão no mundial. Beleza?;2018/05/26 19:48:18;;7
Chiquinho Mangueira;Agradeço ao Santa Mônica Centro Educacional por sempre acreditar nos projetos e ações da Mangueira. Esta vitória é nossa! #JogosEscolares;2016/09/30 01:38:56;;7
Wagner Montes;Levantamento aponta que RJ teve média de 14 tiroteios por dia em 2017 https://t.co/A6MblqRxWz O bagulho está doido!;2017/07/11 19:50:08;;7
Waldeck Carneiro;A votação do teto de gastos hoje na ALERJ: Deputado Waldeck tenta salvar investimentos na área social. https://t.co/OV6NojnU0S;2017/06/29 19:39:11;;7
Marcelo Calero;"P/ completar o dia, Min. d Fazenda recomenda ""revisão de oferta de ensino superior"" no RJ.  Fechamento da Uerj?Prefiro crer q enlouqueceram.";2017/09/05 22:30:02;;7
Wagner Montes;Galera, o CVV presta serviço voluntário e gratuito de apoio emocional e prevenção do suicídio para todas as pessoas que querem e precisam conversar, sob total sigilo através do número 188. https://t.co/UV9iZS5ypN;2018/03/12 18:11:27;;7
Andreia Zito;Emoção total pra mim que através de muito esforço pude junto com aqueles que amam a nossa cidade trazer o Colégio Pedro II;2011/12/19 15:46:30;;7
Gustavo Tutuca;http://t.co/cOSxlQm7tQ;2014/05/28 17:36:23;;7
Indio da Costa;Indio comenta questão sobre combate à corrupção #debateGloboRio #Indio55 #ReciclaRio;2016/09/30 03:10:41;;7
Humberto Adami;"DONATIVO SOLIDARIO

“¿Por qué no hay negros en la selección argentina?”: El crudo relato de un canadiense que se volvió viral

Comparte en redes sociales:

Por Bárbara Simeoni- Agencias
Lunes, 25/06/2018 07:47 PM

￼

Sin... https://t.co/NwNceOexhc";2018/07/04 13:33:05;;7
Aspásia Camargo;Amigos, estas praias estão 100% impróprias desde o ano passado. Não se arrisquem! http://t.co/Mgdu6XPFs1;2013/04/27 17:15:03;;7
Wagner Montes;O Estado não está cumprindo o calendário proposto, além de muitas vezes está até parcelando o pagamento do salário dos servidores. Como já disse por aqui e não canso de dizer: o servidor não pode pagar a conta pelo Estado! https://t.co/snFTCWCptx;2018/03/06 18:43:23;;7
Waldeck Carneiro;Eu publiquei uma nova foto no Facebook https://t.co/Ve40hrdoXP;2015/11/24 00:56:45;;7
Flordelis;🔴⚫️ Dá lhe Flamengo 🔴⚫️ https://t.co/HBzM6ILAAh;2017/11/24 04:01:10;;7
Martha Rocha;Reportagem da Rádio CBN a respeito da visita realizada pela CPI das Armas ao Setor de Controle de Armamentos da... https://t.co/pAxnY6Sr9x;2015/12/03 16:15:03;;7
Daniela do Waguinho;(...) Espalhe, compartilhe, fale com seus vizinhos, com seus amigos. Belford Roxo precisa de uma representante que põe a mão na massa em Brasília. Meu número é 1545.  #DanielaDoWaguinhoFederal #JuntosPelaBaixada  #MarcioCanellaEstadual;2018/08/17 23:28:28;;7
isaquedonascimento;Alguém me empresta uma Netflix? só pra mim ver um filme nmrl;2017/07/13 19:11:59;;7
Márcio Pacheco;Inclusão pela Arte, na @alerj. #DiadaPcD http://t.co/C34JVgxIJR;2015/09/21 18:37:24;;7
Christino Áureo;"Saiu na imprensa

https://t.co/n2SqbbCF3v https://t.co/DCYJb06yUW";2016/05/31 14:03:07;;7
David Miranda;"Hoje, há 13 anos, a polícia britânica assassinou nosso compatriota Jean Charles de Menezes, em Londres, porque ele ""parecia"" um terrorista. Depois eles mentiram. Ninguém pagou por isso. Eu conheço o autoritarismo do governo britânico. Nós não vamos esquecer! #JeanCharlesPresente https://t.co/N05MC3qTQz";2018/07/22 17:51:32;;7
Gustavo Tutuca;Estou em Sapucaia almoçando;2010/07/19 17:31:07;;7
Arolde de Oliveira;Importante conferir https://t.co/4icP1LBzh3;2017/10/31 19:27:14;;7
malta junior;@fogonopeonline Belê!!;2010/11/21 02:06:41;;7
Alair Corrêa;@renata_litoral A intenção da mensagem não foi de julga-lá mas sim de alerta-la quanto a extensão da sentença dada  parcialmente por você.;2012/01/12 17:21:25;;7